chr_name	pos	goal	chr_pos	chr
LR535863.1	23787213	HB07	LR535863.1_23787213	7
LR535863.1	22141745	HB07	LR535863.1_22141745	7
LR535863.1	19802197	HB07	LR535863.1_19802197	7
LR535863.1	20026029	HB07	LR535863.1_20026029	7
LR535863.1	24557000	HB07	LR535863.1_24557000	7
LR535863.1	23305330	HB07	LR535863.1_23305330	7
LR535863.1	25500525	HB07	LR535863.1_25500525	7
LR535863.1	23891233	HB07	LR535863.1_23891233	7
LR535863.1	19950280	HB07	LR535863.1_19950280	7
LR535863.1	19764593	HB07	LR535863.1_19764593	7
LR535863.1	23756641	HB07	LR535863.1_23756641	7
LR535863.1	25500538	HB07	LR535863.1_25500538	7
LR535863.1	23891236	HB07	LR535863.1_23891236	7
LR535863.1	23671286	HB07	LR535863.1_23671286	7
LR535863.1	23841164	HB07	LR535863.1_23841164	7
LR535868.1	7210974	HB12a	LR535868.1_7210974	12
LR535868.1	9078266	HB12a	LR535868.1_9078266	12
LR535868.1	7518118	HB12a	LR535868.1_7518118	12
LR535868.1	7201155	HB12a	LR535868.1_7201155	12
LR535868.1	9521124	HB12a	LR535868.1_9521124	12
LR535868.1	7210974	HB12a	LR535868.1_7210974	12
LR535868.1	6557542	HB12a	LR535868.1_6557542	12
LR535868.1	7513522	HB12a	LR535868.1_7513522	12
LR535868.1	9078266	HB12a	LR535868.1_9078266	12
LR535868.1	7201155	HB12a	LR535868.1_7201155	12
LR535868.1	9520718	HB12a	LR535868.1_9520718	12
LR535868.1	7201155	HB12a	LR535868.1_7201155	12
LR535868.1	7518118	HB12a	LR535868.1_7518118	12
LR535868.1	7210974	HB12a	LR535868.1_7210974	12
LR535868.1	9260404	HB12a	LR535868.1_9260404	12
LR535868.1	20349198	HB12b	LR535868.1_20349198	12
LR535868.1	20427288	HB12b	LR535868.1_20427288	12
LR535868.1	20203483	HB12b	LR535868.1_20203483	12
LR535868.1	19874071	HB12b	LR535868.1_19874071	12
LR535868.1	21718463	HB12b	LR535868.1_21718463	12
LR535868.1	23075077	HB12b	LR535868.1_23075077	12
LR535868.1	19458073	HB12b	LR535868.1_19458073	12
LR535868.1	23966900	HB12b	LR535868.1_23966900	12
LR535868.1	21993988	HB12b	LR535868.1_21993988	12
LR535868.1	21993947	HB12b	LR535868.1_21993947	12
LR535868.1	23966900	HB12b	LR535868.1_23966900	12
LR535868.1	25026953	HB12b	LR535868.1_25026953	12
LR535868.1	22321840	HB12b	LR535868.1_22321840	12
LR535868.1	22749189	HB12b	LR535868.1_22749189	12
LR535868.1	23966900	HB12b	LR535868.1_23966900	12
LR535868.1	20989148	HB12b	LR535868.1_20989148	12
LR535871.1	9305671	HB15	LR535871.1_9305671	15
LR535871.1	9432651	HB15	LR535871.1_9432651	15
LR535871.1	9293907	HB15	LR535871.1_9293907	15
LR535871.1	7381486	HB15	LR535871.1_7381486	15
LR535871.1	16171657	HB15	LR535871.1_16171657	15
LR535871.1	4759669	HB15	LR535871.1_4759669	15
LR535871.1	9305671	HB15	LR535871.1_9305671	15
LR535871.1	9293907	HB15	LR535871.1_9293907	15
LR535871.1	16171657	HB15	LR535871.1_16171657	15
LR535871.1	9432651	HB15	LR535871.1_9432651	15
LR535871.1	9293907	HB15	LR535871.1_9293907	15
LR535871.1	16067139	HB15	LR535871.1_16067139	15
LR535871.1	4759669	HB15	LR535871.1_4759669	15
LR535871.1	10237260	HB15	LR535871.1_10237260	15
LR535871.1	4691345	HB15	LR535871.1_4691345	15
LR535876.1	3369030	HB20	LR535876.1_3369030	20
LR535876.1	3456368	HB20	LR535876.1_3456368	20
LR535876.1	1928976	HB20	LR535876.1_1928976	20
LR535876.1	3184624	HB20	LR535876.1_3184624	20
LR535876.1	2207022	HB20	LR535876.1_2207022	20
LR535876.1	3297763	HB20	LR535876.1_3297763	20
LR535876.1	3348343	HB20	LR535876.1_3348343	20
LR535876.1	1970918	HB20	LR535876.1_1970918	20
LR535876.1	3078854	HB20	LR535876.1_3078854	20
LR535876.1	3529578	HB20	LR535876.1_3529578	20
LR535876.1	2861863	HB20	LR535876.1_2861863	20
LR535876.1	3455227	HB20	LR535876.1_3455227	20
LR535876.1	3165040	HB20	LR535876.1_3165040	20
LR535876.1	2270510	HB20	LR535876.1_2270510	20
LR535876.1	2840139	HB20	LR535876.1_2840139	20
LR535864.1	10164028	Kotzebue	LR535864.1_10164028	8
LR535864.1	10302599	Kotzebue	LR535864.1_10302599	8
LR535864.1	10234804	Kotzebue	LR535864.1_10234804	8
LR535864.1	10232564	Kotzebue	LR535864.1_10232564	8
LR535864.1	10251794	Kotzebue	LR535864.1_10251794	8
LR535860.1	13882434	Kotzebue	LR535860.1_13882434	4
LR535860.1	7443279	Kotzebue	LR535860.1_7443279	4
LR535860.1	8618536	Kotzebue	LR535860.1_8618536	4
LR535860.1	13367999	Kotzebue	LR535860.1_13367999	4
LR535860.1	31275011	Kotzebue	LR535860.1_31275011	4
LR535861.1	9666352	Kotzebue	LR535861.1_9666352	5
LR535861.1	9413850	Kotzebue	LR535861.1_9413850	5
LR535861.1	9846574	Kotzebue	LR535861.1_9846574	5
LR535861.1	9702915	Kotzebue	LR535861.1_9702915	5
LR535861.1	9670341	Kotzebue	LR535861.1_9670341	5
LR535862.1	12015502	Kotzebue	LR535862.1_12015502	6
LR535862.1	12060259	Kotzebue	LR535862.1_12060259	6
LR535862.1	12084298	Kotzebue	LR535862.1_12084298	6
LR535862.1	12058250	Kotzebue	LR535862.1_12058250	6
LR535862.1	12086288	Kotzebue	LR535862.1_12086288	6
LR535877.1	6727814	Kotzebue	LR535877.1_6727814	21
LR535877.1	6746250	Kotzebue	LR535877.1_6746250	21
LR535877.1	8726376	Kotzebue	LR535877.1_8726376	21
LR535877.1	6714397	Kotzebue	LR535877.1_6714397	21
LR535877.1	8693163	Kotzebue	LR535877.1_8693163	21
LR535870.1	16600282	Port_Moller_BSEA	LR535870.1_16600282	14
LR535866.1	1708679	Port_Moller_BSEA	LR535866.1_1708679	10
LR535877.1	2264183	Port_Moller_BSEA	LR535877.1_2264183	21
LR535872.1	18605962	Port_Moller_BSEA	LR535872.1_18605962	16
LR535875.1	5856794	Port_Moller_BSEA	LR535875.1_5856794	19
LR535875.1	5417178	Port_Moller_BSEA	LR535875.1_5417178	19
LR535876.1	6545809	Port_Moller_BSEA	LR535876.1_6545809	20
LR535874.1	14481359	Port_Moller_BSEA	LR535874.1_14481359	18
LR535881.1	4694989	Port_Moller_BSEA	LR535881.1_4694989	25
LR535859.1	25887581	Port_Moller_BSEA	LR535859.1_25887581	3
LR535864.1	3704440	Port_Moller_BSEA	LR535864.1_3704440	8
LR535876.1	6036016	Port_Moller_BSEA	LR535876.1_6036016	20
LR535860.1	3697965	Port_Moller_BSEA	LR535860.1_3697965	4
LR535858.1	11923489	Port_Moller_BSEA	LR535858.1_11923489	2
LR535878.1	18974728	Port_Moller_BSEA	LR535878.1_18974728	22
LR535871.1	21013209	Port_Moller_BSEA	LR535871.1_21013209	15
LR535874.1	25988612	Port_Moller_BSEA	LR535874.1_25988612	18
LR535872.1	26317555	Port_Moller_BSEA	LR535872.1_26317555	16
LR535857.1	1354430	Port_Moller_BSEA	LR535857.1_1354430	1
LR535859.1	19108118	Port_Moller_BSEA	LR535859.1_19108118	3
LR535878.1	4862410	Port_Moller_BSEA	LR535878.1_4862410	22
LR535861.1	6693153	Port_Moller_BSEA	LR535861.1_6693153	5
LR535869.1	29261816	Port_Moller_BSEA	LR535869.1_29261816	13
LR535880.1	8175648	Port_Moller_BSEA	LR535880.1_8175648	24
LR535869.1	26493674	Port_Moller_BSEA	LR535869.1_26493674	13
LR535867.1	29896974	BSEA_EPAC	LR535867.1_29896974	11
LR535867.1	29897959	BSEA_EPAC	LR535867.1_29897959	11
LR535870.1	18365646	BSEA_EPAC	LR535870.1_18365646	14
LR535870.1	18366201	BSEA_EPAC	LR535870.1_18366201	14
LR535870.1	18390452	BSEA_EPAC	LR535870.1_18390452	14
LR535877.1	1260953	BSEA_EPAC	LR535877.1_1260953	21
LR535877.1	1264756	BSEA_EPAC	LR535877.1_1264756	21
LR535861.1	26780647	BSEA_EPAC	LR535861.1_26780647	5
LR535869.1	15522960	BSEA_EPAC	LR535869.1_15522960	13
LR535869.1	15770933	BSEA_EPAC	LR535869.1_15770933	13
LR535875.1	21544539	BSEA_EPAC	LR535875.1_21544539	19
LR535875.1	21549825	BSEA_EPAC	LR535875.1_21549825	19
LR535881.1	6554082	BSEA_EPAC	LR535881.1_6554082	25
LR535881.1	6820053	BSEA_EPAC	LR535881.1_6820053	25
LR535865.1	8064042	BSEA_EPAC	LR535865.1_8064042	9
LR535865.1	8078160	BSEA_EPAC	LR535865.1_8078160	9
LR535874.1	14022758	BSEA_EPAC	LR535874.1_14022758	18
LR535875.1	21549020	BSEA_EPAC	LR535875.1_21549020	19
LR535875.1	21550691	BSEA_EPAC	LR535875.1_21550691	19
LR535866.1	17342652	BSEA_EPAC	LR535866.1_17342652	10
LR535866.1	17657465	BSEA_EPAC	LR535866.1_17657465	10
LR535869.1	12798692	BSEA_EPAC	LR535869.1_12798692	13
LR535881.1	6561812	BSEA_EPAC	LR535881.1_6561812	25
LR535881.1	12586802	BSEA_EPAC	LR535881.1_12586802	25
LR535881.1	12660233	BSEA_EPAC	LR535881.1_12660233	25
LR535866.1	15103118	wGOA_GOA	LR535866.1_15103118	10
LR535870.1	17833493	wGOA_GOA	LR535870.1_17833493	14
LR535870.1	18559566	wGOA_GOA	LR535870.1_18559566	14
LR535869.1	15305932	wGOA_GOA	LR535869.1_15305932	13
LR535866.1	15747591	wGOA_GOA	LR535866.1_15747591	10
LR535866.1	15182455	wGOA_GOA	LR535866.1_15182455	10
LR535866.1	15116656	wGOA_GOA	LR535866.1_15116656	10
LR535869.1	15290940	wGOA_GOA	LR535869.1_15290940	13
LR535870.1	18315556	wGOA_GOA	LR535870.1_18315556	14
LR535870.1	18621675	wGOA_GOA	LR535870.1_18621675	14
LR535869.1	15310551	wGOA_GOA	LR535869.1_15310551	13
LR535866.1	15090046	wGOA_GOA	LR535866.1_15090046	10
LR535866.1	15219030	wGOA_GOA	LR535866.1_15219030	10
LR535866.1	15107160	wGOA_GOA	LR535866.1_15107160	10
LR535869.1	15295548	wGOA_GOA	LR535869.1_15295548	13
LR535866.1	15093138	wGOA_GOA	LR535866.1_15093138	10
LR535866.1	15298502	wGOA_GOA	LR535866.1_15298502	10
LR535867.1	7126020	wGOA_GOA	LR535867.1_7126020	11
LR535867.1	12407532	wGOA_GOA	LR535867.1_12407532	11
LR535866.1	15096923	wGOA_GOA	LR535866.1_15096923	10
LR535870.1	17679299	wGOA_GOA	LR535870.1_17679299	14
LR535866.1	15236727	wGOA_GOA	LR535866.1_15236727	10
LR535866.1	15234455	wGOA_GOA	LR535866.1_15234455	10
LR535866.1	14847362	wGOA_GOA	LR535866.1_14847362	10
LR535870.1	19779248	wGOA_GOA	LR535870.1_19779248	14
LR535865.1	15338774	PWS-SF	LR535865.1_15338774	9
LR535869.1	9975614	PWS-SF	LR535869.1_9975614	13
LR535865.1	8404782	PWS-SF	LR535865.1_8404782	9
LR535865.1	8383859	PWS-SF	LR535865.1_8383859	9
LR535874.1	16261930	PWS-SF	LR535874.1_16261930	18
LR535869.1	9973684	PWS-SF	LR535869.1_9973684	13
LR535874.1	12379307	PWS-SF	LR535874.1_12379307	18
LR535865.1	14371820	PWS-SF	LR535865.1_14371820	9
LR535869.1	9826167	PWS-SF	LR535869.1_9826167	13
LR535867.1	10130847	PWS-SF	LR535867.1_10130847	11
LR535865.1	9050843	PWS-SF	LR535865.1_9050843	9
LR535867.1	10145510	PWS-SF	LR535867.1_10145510	11
LR535870.1	19467020	PWS-SF	LR535870.1_19467020	14
LR535870.1	19467029	PWS-SF	LR535870.1_19467029	14
LR535870.1	19284016	PWS-SF	LR535870.1_19284016	14
LR535869.1	10078275	PWS-SF	LR535869.1_10078275	13
LR535866.1	19934320	PWS-SF	LR535866.1_19934320	10
LR535869.1	10081219	PWS-SF	LR535869.1_10081219	13
LR535870.1	19236501	PWS-SF	LR535870.1_19236501	14
LR535869.1	10155143	PWS-SF	LR535869.1_10155143	13
LR535869.1	10005649	PWS-SF	LR535869.1_10005649	13
LR535866.1	19775941	PWS-SF	LR535866.1_19775941	10
LR535877.1	461477	PWS-SF	LR535877.1_461477	21
LR535877.1	227540	PWS-SF	LR535877.1_227540	21
LR535877.1	523705	PWS-SF	LR535877.1_523705	21
